bid, name, intro, birthday, gender, region
12906617, 阴歌, 虽然结局不尽人意，但我已尽我所能，好好生活吧，记得开心，忘了我也没关系... 大概太过深沉的话藏在心里比较合适..., 2000-01-28T00:00:00.000, Female, Unknown
12906621, 某恶人, ..., 2010-11-15T00:00:00.000, Unknown, Unknown
12906641, 丰宏宇, None, 1999-12-31T00:00:00.000, Female, Unknown
12906675, 某人2038, None, 1999-12-31T00:00:00.000, Female, Unknown
12906709, 宇智波永远的神, 宇智波永远的神, 2009-05-28T00:00:00.000, Unknown, Unknown
12906714, 雨偌晴, None, 1999-12-31T00:00:00.000, Female, Unknown
12906736, 义马领秀梦舒雅王娟, None, 1999-12-31T00:00:00.000, Female, Unknown
12906754, 谦虚的玛洛斯jnFggw, None, 2000-01-01T00:00:00.000, Female, Unknown
12906766, 保守的蓝甲虫4cGQ, None, 1999-12-31T00:00:00.000, Female, Unknown
12906770, 书呆子@-@, None, 2011-02-04T00:00:00.000, Unknown, Unknown
12906806, 马虎的流星猫_NHY, None, 1999-12-31T00:00:00.000, Female, Unknown
12906810, 温顺的乌力C1Jo, None, 1999-12-31T00:00:00.000, Female, Unknown
12906816, 风生水起, None, 1999-12-31T00:00:00.000, Female, Unknown
12906868, 孤狼:24, 孤狼 三个人一个号, 1975-11-11T00:00:00.000, Female, Unknown
12906871, MMO机, None, 2013-12-05T00:00:00.000, Unknown, Unknown
12906873, 善良的蓝甲虫G450, None, 1999-12-31T00:00:00.000, Female, Unknown
12906875, 一只猴儿, None, 2000-03-31T00:00:00.000, Female, Unknown
12906877, 占位名称, 省略1万字…… , 2011-10-13T00:00:00.000, Male, 110000
12906879, 墨尧, 尧墨, Unknown, Unknown, Unknown
12906894, 忆晗, None, 1999-12-31T00:00:00.000, Male, Unknown
12906898, 肉丸只放肉, None, 1999-12-31T00:00:00.000, Female, Unknown
12906902, 3566, None, 1999-12-31T00:00:00.000, Female, Unknown
12906908, 星火小鸡崽燎原, None, 1999-12-31T00:00:00.000, Female, Unknown
12906914, 笛子少年老鼠, None, 1999-12-31T00:00:00.000, Female, Unknown
12906918, 罗辑--三体, 开学，退）））, 1999-12-31T00:00:00.000, Female, Unknown
12906933, 独行的疾风雀_Epp, None, 1999-12-31T00:00:00.000, Female, Unknown
12906981, lele3743, None, 1999-12-31T00:00:00.000, Female, Unknown
12906994, 机智的超能鸭S5Dq, None, 1999-12-31T00:00:00.000, Female, Unknown
12907006, 宣勇, None, 1999-12-31T00:00:00.000, Female, Unknown
12907029, 西瓜达人, None, 1999-12-31T00:00:00.000, Female, Unknown
12907031, 实干的木叶龙(仙云阁), None, 1999-12-31T00:00:00.000, Female, Unknown
12907060, AOR狂妄的树毛蛹KXQJ最帅, 我在哈哈农场等你们, 1999-12-31T00:00:00.000, Unknown, Unknown
12907077, 岑英连, None, 1999-12-31T00:00:00.000, Female, Unknown
12907082, 1_心軟的神., 宝宝。, 2008-11-11T00:00:00.000, Male, Unknown
12907100, 小笼包,, None, 1999-12-31T00:00:00.000, Female, Unknown
12907104, 迷人的乌力力F5bP, None, 1999-12-31T00:00:00.000, Female, Unknown
12907124, 小绿孩, 我是小绿孩，关注必回关。不经常登陆，😁, 2000-06-07T00:00:00.000, Unknown, Unknown
12907148, 成熟的玛洛斯Yx_6, None, 1999-12-31T00:00:00.000, Female, Unknown
12907150, 钱包空空的水柱喵思思, None, 2009-04-16T00:00:00.000, Female, Unknown
12907153, 1千万师生的法人, None, 1999-12-31T00:00:00.000, Female, Unknown
12907159, 色彩与黑暗(无人知晓的暗影盗), 原名叫:无人知晓的暗影盗侠 哈哈哈，你好你好！很高兴认识你！ 编程猫的名字叫星星会流泪 工作室叫科技工作室 有空常来玩哦 有空吗？有空！那不如试试我的作品?？谢谢！ , 2022-04-22T00:00:00.000, Female, Unknown
12907168, 起风.落雨, 一只屑awa, 2010-07-07T00:00:00.000, Unknown, Unknown
12907174, 哄哄8335, None, 1999-12-31T00:00:00.000, Female, Unknown
12907195, 刘博卿st, None, 2000-01-01T00:00:00.000, Female, Unknown
12907206, 调皮的金冠泥DoDu, None, 1999-12-31T00:00:00.000, Female, Unknown
12907212, daisy, None, 1999-12-31T00:00:00.000, Female, Unknown
12907225, 宝亿莱智能家居生活馆, None, 1999-12-31T00:00:00.000, Female, Unknown
12907237, ncx, None, 2010-03-30T00:00:00.000, Unknown, Unknown
12907240, 虚心的狼王蛛7mwI, None, 1999-12-31T00:00:00.000, Female, Unknown
12907246, 奥维斯, None, 1999-12-31T00:00:00.000, Female, Unknown
12907260, 迷人的大黄鸡c8hc, None, 1999-12-31T00:00:00.000, Female, Unknown
12907263, 真正的大卡搭, nothing, 1999-12-31T00:00:00.000, Female, Unknown
12907271, |大爱|, None, 1999-12-31T00:00:00.000, Female, Unknown
12907272, 最后, None, 1999-12-31T00:00:00.000, Female, Unknown
12907275, 百变喵, 今日休息, 2019-07-25T00:00:00.000, Male, Unknown
12907288, FANGns, None, 2000-01-01T00:00:00.000, Female, Unknown
12907307, 修罗王cx, None, 2009-06-01T00:00:00.000, Unknown, Unknown
12907339, 神经蛙do56, None, 1999-12-31T00:00:00.000, Unknown, Unknown
12907366, 坚强的树毛蛹NJWy, None, 1999-12-31T00:00:00.000, Female, Unknown
12907387, 超级猎手(建筑师), None, 1999-12-31T00:00:00.000, Female, Unknown
12907396, 123123HHR, None, 1999-12-31T00:00:00.000, Female, Unknown
12907426, 超级无敌哥, None, 1999-12-31T00:00:00.000, Female, Unknown
12907429, 调皮的树毛蛹yeXg, None, 1999-12-31T00:00:00.000, Female, Unknown
12907452, 小牛0720, None, 1999-12-31T00:00:00.000, Female, Unknown
12907512, 陆美琴, None, 1999-12-31T00:00:00.000, Female, Unknown
12907543, 1230603, None, 1999-12-31T00:00:00.000, Female, Unknown
12907548, 秀出天际的泡泡鱼团团, 劉君, 2002-11-19T00:00:00.000, Unknown, Unknown
12907549, 佛系的草灵灵小林, None, 2015-04-09T00:00:00.000, Unknown, Unknown
12907600, 自来也wc, None, 2000-01-01T00:00:00.000, Female, Unknown
12907602, cervine, "让世界为奇迹所倾倒!", 2010-12-06T00:00:00.000, Male, Unknown
